datetime,Final_LAIe,Final_LAI
2016-05-15,0.802669020055754,0.973032304985944
2016-05-16,0.8179138281371262,0.9930521587283432
2016-05-17,0.8331586362184984,1.0130720124707424
2016-05-18,0.8484034442998706,1.0330918662131416
2016-05-19,0.8636482523812428,1.0531117199555409
2016-05-20,0.8788930604626151,1.07313157369794
2016-05-21,0.8941378685439871,1.0931514274403393
2016-05-22,0.9093826766253594,1.1131712811827386
2016-05-23,0.9246274847067316,1.1331911349251378
2016-05-24,0.9398722927881038,1.153210988667537
2016-05-25,0.955117100869476,1.1732308424099362
2016-05-26,0.9703619089508482,1.1932506961523355
2016-05-27,0.9856067170322204,1.2132705498947347
2016-05-28,1.0008515251135925,1.2332904036371342
2016-05-29,1.0160963331949648,1.2533102573795332
2016-05-30,1.031341141276337,1.2733301111219326
2016-05-31,1.0465859493577092,1.2933499648643316
2016-06-01,1.0618307574390813,1.313369818606731
2016-06-02,1.0770755655204536,1.33338967234913
2016-06-03,1.0923203736018259,1.3534095260915295
2016-06-04,1.107565181683198,1.3734293798339285
2016-06-05,1.12280998976457,1.393449233576328
2016-06-06,1.1380547978459423,1.4134690873187272
2016-06-07,1.1532996059273146,1.4334889410611265
2016-06-08,1.1685444140086867,1.4535087948035257
2016-06-09,1.183789222090059,1.473528648545925
2016-06-10,1.199034030171431,1.4935485022883241
2016-06-11,1.2142788382528034,1.5135683560307234
2016-06-12,1.2295236463341754,1.5335882097731226
2016-06-13,1.2447684544155477,1.5536080635155218
2016-06-14,1.26001326249692,1.573627917257921
2016-06-15,1.275258070578292,1.5936477710003203
2016-06-16,1.2787901302369098,1.5932490601474036
2016-06-17,1.2823221898955277,1.592850349294487
2016-06-18,1.2858542495541454,1.5924516384415703
2016-06-19,1.289386309212763,1.5920529275886535
2016-06-20,1.292918368871381,1.5916542167357368
2016-06-21,1.2964504285299987,1.5912555058828202
2016-06-22,1.2999824881886164,1.5908567950299035
2016-06-23,1.3035145478472343,1.5904580841769869
2016-06-24,1.307046607505852,1.5900593733240702
2016-06-25,1.3105786671644697,1.5896606624711536
2016-06-26,1.3141107268230876,1.589261951618237
2016-06-27,1.3176427864817053,1.58886324076532
2016-06-28,1.321174846140323,1.5884645299124034
2016-06-29,1.324706905798941,1.5880658190594867
2016-06-30,1.3282389654575586,1.58766710820657
2016-07-01,1.3317710251161763,1.5872683973536534
2016-07-02,1.3353030847747942,1.5868696865007368
2016-07-03,1.338835144433412,1.5864709756478201
2016-07-04,1.3423672040920296,1.5860722647949033
2016-07-05,1.3458992637506475,1.5856735539419866
2016-07-06,1.3494313234092652,1.58527484308907
2016-07-07,1.3529633830678829,1.5848761322361533
2016-07-08,1.3564954427265008,1.5844774213832367
2016-07-09,1.3600275023851185,1.58407871053032
2016-07-10,1.3635595620437362,1.5836799996774034
2016-07-11,1.367091621702354,1.5832812888244867
2016-07-12,1.3706236813609718,1.5828825779715698
2016-07-13,1.3741557410195895,1.5824838671186532
2016-07-14,1.3776878006782074,1.5820851562657365
2016-07-15,1.381219860336825,1.5816864454128199
2016-07-16,1.367794431843333,1.5668117470427037
2016-07-17,1.354369003349841,1.5519370486725874
2016-07-18,1.3409435748563487,1.5370623503024712
2016-07-19,1.3275181463628567,1.5221876519323547
2016-07-20,1.3140927178693647,1.5073129535622385
2016-07-21,1.3006672893758726,1.4924382551921223
2016-07-22,1.2872418608823804,1.477563556822006
2016-07-23,1.2738164323888883,1.4626888584518898
2016-07-24,1.2603910038953963,1.4478141600817735
2016-07-25,1.2469655754019042,1.4329394617116573
2016-07-26,1.2335401469084122,1.4180647633415409
2016-07-27,1.2201147184149201,1.4031900649714246
2016-07-28,1.2066892899214279,1.3883153666013084
2016-07-29,1.1932638614279358,1.3734406682311922
2016-07-30,1.1798384329344438,1.358565969861076
2016-07-31,1.1664130044409518,1.3436912714909597
2016-08-01,1.1529875759474595,1.3288165731208434
2016-08-02,1.1395621474539674,1.3139418747507272
2016-08-03,1.1261367189604754,1.299067176380611
2016-08-04,1.1127112904669834,1.2841924780104945
2016-08-05,1.0992858619734913,1.2693177796403783
2016-08-06,1.085860433479999,1.254443081270262
2016-08-07,1.072435004986507,1.2395683829001458
2016-08-08,1.059009576493015,1.2246936845300296
2016-08-09,1.045584147999523,1.2098189861599133
2016-08-10,1.0321587195060307,1.1949442877897969
2016-08-11,1.0187332910125386,1.1800695894196807
2016-08-12,1.0053078625190466,1.1651948910495644
2016-08-13,0.9918824340255545,1.1503201926794482
2016-08-14,0.9784570055320625,1.135445494309332
2016-08-15,0.9650315770385703,1.1205707959392157
2016-08-16,0.9549651633827873,1.1106179146436563
2016-08-17,0.944898749727004,1.100665033348097
2016-08-18,0.934832336071221,1.0907121520525376
2016-08-19,0.9247659224154379,1.0807592707569782
2016-08-20,0.9146995087596547,1.0708063894614188
2016-08-21,0.9046330951038716,1.0608535081658594
2016-08-22,0.8945666814480885,1.0509006268703
2016-08-23,0.8845002677923053,1.0409477455747407
2016-08-24,0.8744338541365222,1.030994864279181
2016-08-25,0.8643674404807391,1.0210419829836217
2016-08-26,0.8543010268249559,1.0110891016880623
2016-08-27,0.8442346131691728,1.001136220392503
2016-08-28,0.8341681995133897,0.9911833390969436
2016-08-29,0.8241017858576065,0.9812304578013842
2016-08-30,0.8140353722018234,0.9712775765058248
2016-08-31,0.8039689585460403,0.9613246952102654
2016-09-01,0.7939025448902572,0.951371813914706
2016-09-02,0.783836131234474,0.9414189326191467
2016-09-03,0.773769717578691,0.9314660513235873
2016-09-04,0.7637033039229078,0.9215131700280279
2016-09-05,0.7536368902671247,0.9115602887324685
2016-09-06,0.7435704766113416,0.901607407436909
2016-09-07,0.7335040629555585,0.8916545261413497
2016-09-08,0.7234376492997753,0.8817016448457903
2016-09-09,0.7133712356439922,0.8717487635502309
2016-09-10,0.703304821988209,0.8617958822546715
2016-09-11,0.6932384083324259,0.851843000959112
2016-09-12,0.6831719946766428,0.8418901196635526
2016-09-13,0.6731055810208597,0.8319372383679933
2016-09-14,0.6630391673650765,0.8219843570724339
2016-09-15,0.6529727537092934,0.8120314757768745
2016-09-16,0.6685807884963113,0.8277621232388706
2016-09-17,0.6841888232833291,0.8434927707008665
2016-09-18,0.699796858070347,0.8592234181628625
2016-09-19,0.7154048928573647,0.8749540656248586
2016-09-20,0.7310129276443826,0.8906847130868546
2016-09-21,0.7466209624314004,0.9064153605488505
2016-09-22,0.7622289972184183,0.9221460080108466
2016-09-23,0.7778370320054362,0.9378766554728426
2016-09-24,0.793445066792454,0.9536073029348386
2016-09-25,0.8090531015794717,0.9693379503968346
2016-09-26,0.8246611363664896,0.9850685978588306
2016-09-27,0.8402691711535075,1.0007992453208265
2016-09-28,0.8558772059405253,1.0165298927828226
2016-09-29,0.8714852407275432,1.0322605402448186
2016-09-30,0.8870932755145611,1.0479911877068147
2016-10-01,0.9027013103015789,1.0637218351688107
2016-10-02,0.9183093450885966,1.0794524826308067
2016-10-03,0.9339173798756145,1.0951831300928028
2016-10-04,0.9495254146626324,1.1109137775547986
2016-10-05,0.9651334494496502,1.1266444250167946
2016-10-06,0.9807414842366681,1.1423750724787907
2016-10-07,0.996349519023686,1.1581057199407867
2016-10-08,1.0119575538107037,1.1738363674027827
2016-10-09,1.0275655885977215,1.1895670148647786
2016-10-10,1.0431736233847393,1.2052976623267746
2016-10-11,1.0587816581717573,1.2210283097887706
2016-10-12,1.074389692958775,1.2367589572507667
2016-10-13,1.0899977277457928,1.2524896047127627
2016-10-14,1.1056057625328108,1.2682202521747588
2016-10-15,1.1212137973198286,1.2839508996367548
2016-10-16,1.118026391615749,1.2800656419788645
2016-10-17,1.114838985911669,1.2761803843209742
2016-10-18,1.1116515802075893,1.272295126663084
2016-10-19,1.1084641745035093,1.2684098690051937
2016-10-20,1.1052767687994296,1.2645246113473034
2016-10-21,1.1020893630953497,1.2606393536894132
2016-10-22,1.09890195739127,1.2567540960315229
2016-10-23,1.09571455168719,1.2528688383736326
2016-10-24,1.0925271459831103,1.2489835807157423
2016-10-25,1.0893397402790304,1.245098323057852
2016-10-26,1.0861523345749506,1.2412130653999618
2016-10-27,1.0829649288708707,1.2373278077420715
2016-10-28,1.079777523166791,1.2334425500841812
2016-10-29,1.076590117462711,1.229557292426291
2016-10-30,1.0734027117586313,1.2256720347684007
2016-10-31,1.0702153060545516,1.2217867771105104
2016-11-01,1.0670279003504717,1.2179015194526202
2016-11-02,1.063840494646392,1.2140162617947299
2016-11-03,1.060653088942312,1.2101310041368396
2016-11-04,1.0574656832382323,1.2062457464789493
2016-11-05,1.0542782775341524,1.202360488821059
2016-11-06,1.0510908718300727,1.1984752311631688
2016-11-07,1.0479034661259927,1.1945899735052785
2016-11-08,1.044716060421913,1.1907047158473882
2016-11-09,1.041528654717833,1.186819458189498
2016-11-10,1.0383412490137534,1.1829342005316077
2016-11-11,1.0351538433096734,1.1790489428737174
2016-11-12,1.0319664376055937,1.1751636852158271
2016-11-13,1.0287790319015138,1.1712784275579369
2016-11-14,1.025591626197434,1.1673931699000466
2016-11-15,1.022404220493354,1.1635079122421563
2016-11-16,1.0192168147892744,1.159622654584266
2016-11-17,1.0160294090851947,1.155737396926376
2016-11-18,1.0128420033811147,1.1518521392684855
2016-11-19,1.009654597677035,1.1479668816105955
2016-11-20,1.006467191972955,1.144081623952705
2016-11-21,1.0032797862688754,1.140196366294815
2016-11-22,1.0000923805647954,1.1363111086369244
2016-11-23,0.9969049748607157,1.1324258509790344
2016-11-24,0.9937175691566359,1.1285405933211439
2016-11-25,0.9905301634525561,1.1246553356632538
2016-11-26,0.9873427577484762,1.1207700780053635
2016-11-27,0.9841553520443964,1.1168848203474733
2016-11-28,0.9809679463403166,1.112999562689583
2016-11-29,0.9777805406362368,1.1091143050316927
2016-11-30,0.9745931349321569,1.1052290473738025
2016-12-01,0.9714057292280771,1.1013437897159122
2016-12-02,0.9682183235239973,1.097458532058022
2016-12-03,0.9650309178199175,1.0935732744001316
2016-12-04,0.9618435121158376,1.0896880167422414
2016-12-05,0.9586561064117578,1.085802759084351
2016-12-06,0.9554687007076781,1.0819175014264608
2016-12-07,0.9522812950035981,1.0780322437685705
2016-12-08,0.9490938892995184,1.0741469861106803
2016-12-09,0.9459064835954386,1.07026172845279
2016-12-10,0.9427190778913588,1.0663764707948997
2016-12-11,0.939531672187279,1.0624912131370094
2016-12-12,0.9363442664831991,1.0586059554791192
2016-12-13,0.9331568607791193,1.054720697821229
2016-12-14,0.9299694550750395,1.0508354401633386
2016-12-15,0.9267820493709596,1.0469501825054484
2016-12-16,0.9235946436668798,1.043064924847558
2016-12-17,0.9204072379628,1.0391796671896678
2016-12-18,0.9172198322587202,1.0352944095317775
2016-12-19,0.9140324265546403,1.0314091518738873
2016-12-20,0.9108450208505605,1.027523894215997
2016-12-21,0.9076576151464808,1.0236386365581067
2016-12-22,0.9044702094424009,1.0197533789002164
2016-12-23,0.9012828037383211,1.0158681212423262
2016-12-24,0.8980953980342413,1.011982863584436
2016-12-25,0.8949079923301615,1.0080976059265456
2016-12-26,0.8917205866260817,1.0042123482686554
2016-12-27,0.8885331809220018,1.000327090610765
2016-12-28,0.885345775217922,0.9964418329528748
2016-12-29,0.8821583695138422,0.9925565752949845
2016-12-30,0.8789709638097624,0.9886713176370943
2016-12-31,0.8757835581056825,0.984786059979204
2017-01-01,0.8725961524016027,0.9809008023213137
2017-01-02,0.8694087466975229,0.9770155446634234
2017-01-03,0.8662213409934432,0.9731302870055332
2017-01-04,0.8630339352893632,0.9692450293476429
2017-01-05,0.8598465295852835,0.9653597716897526
2017-01-06,0.8566591238812036,0.9614745140318623
2017-01-07,0.8534717181771239,0.9575892563739721
2017-01-08,0.8502843124730439,0.9537039987160818
2017-01-09,0.8470969067689642,0.9498187410581915
2017-01-10,0.8439095010648844,0.9459334834003013
2017-01-11,0.8407220953608046,0.942048225742411
2017-01-12,0.8375346896567247,0.9381629680845207
2017-01-13,0.8343472839526449,0.9342777104266304
2017-01-14,0.8311598782485651,0.9303924527687402
2017-01-15,0.8279724725444852,0.9265071951108499
2017-01-16,0.8247850668404054,0.9226219374529596
2017-01-17,0.8215976611363256,0.9187366797950693
2017-01-18,0.8184102554322459,0.9148514221371791
2017-01-19,0.8152228497281659,0.9109661644792888
2017-01-20,0.8120354440240862,0.9070809068213985
2017-01-21,0.8088480383200063,0.9031956491635083
2017-01-22,0.8056606326159266,0.899310391505618
2017-01-23,0.8024732269118466,0.8954251338477277
2017-01-24,0.7992858212077669,0.8915398761898375
2017-01-25,0.7960984155036871,0.8876546185319473
2017-01-26,0.7929110097996073,0.883769360874057
2017-01-27,0.7897236040955274,0.8798841032161667
2017-01-28,0.7865361983914476,0.8759988455582765
2017-01-29,0.7833487926873678,0.8721135879003862
2017-01-30,0.780161386983288,0.8682283302424959
2017-01-31,0.7769739812792081,0.8643430725846056
2017-02-01,0.7737865755751283,0.8604578149267154
2017-02-02,0.7705991698710486,0.8565725572688251
2017-02-03,0.7674117641669687,0.8526872996109348
2017-02-04,0.7642243584628889,0.8488020419530445
2017-02-05,0.761036952758809,0.8449167842951543
2017-02-06,0.7578495470547293,0.841031526637264
2017-02-07,0.7546621413506494,0.8371462689793737
2017-02-08,0.7514747356465696,0.8332610113214834
2017-02-09,0.7482873299424898,0.8293757536635932
2017-02-10,0.74509992423841,0.8254904960057029
2017-02-11,0.7419125185343302,0.8216052383478127
2017-02-12,0.7387251128302503,0.8177199806899225
2017-02-13,0.7355377071261705,0.8138347230320322
2017-02-14,0.7323503014220907,0.8099494653741419
2017-02-15,0.7291628957180109,0.8060642077162516
2017-02-16,0.725975490013931,0.8021789500583614
2017-02-17,0.7227880843098513,0.7982936924004711
2017-02-18,0.7196006786057714,0.7944084347425808
2017-02-19,0.7164132729016917,0.7905231770846906
2017-02-20,0.7132258671976117,0.7866379194268003
2017-02-21,0.710038461493532,0.78275266176891
2017-02-22,0.7068510557894521,0.7788674041110197
2017-02-23,0.7036636500853723,0.7749821464531295
2017-02-24,0.7004762443812925,0.7710968887952392
2017-02-25,0.6972888386772127,0.7672116311373489
2017-02-26,0.6941014329731329,0.7633263734794586
2017-02-27,0.690914027269053,0.7594411158215684
2017-02-28,0.6877266215649732,0.7555558581636781
2017-03-01,0.6845392158608934,0.7516706005057878
2017-03-02,0.6813518101568136,0.7477853428478975
2017-03-03,0.6781644044527337,0.7439000851900073
2017-03-04,0.674976998748654,0.740014827532117
2017-03-05,0.6717895930445741,0.7361295698742267
2017-03-06,0.6686021873404944,0.7322443122163365
2017-03-07,0.6654147816364144,0.7283590545584462
2017-03-08,0.6622273759323347,0.7244737969005559
2017-03-09,0.6590399702282548,0.7205885392426656
2017-03-10,0.6558525645241751,0.7167032815847754
2017-03-11,0.6526651588200952,0.7128180239268851
2017-03-12,0.6494777531160154,0.7089327662689948
2017-03-13,0.6462903474119356,0.7050475086111045
2017-03-14,0.6431029417078558,0.7011622509532143
2017-03-15,0.6399155360037759,0.697276993295324
2017-03-16,0.6516236048114663,0.7108137791218415
2017-03-17,0.6633316736191567,0.7243505649483591
2017-03-18,0.6750397424268471,0.7378873507748767
2017-03-19,0.6867478112345373,0.7514241366013943
2017-03-20,0.6984558800422277,0.7649609224279118
2017-03-21,0.7101639488499181,0.7784977082544293
2017-03-22,0.7218720176576084,0.792034494080947
2017-03-23,0.7335800864652988,0.8055712799074645
2017-03-24,0.7452881552729892,0.8191080657339821
2017-03-25,0.7569962240806796,0.8326448515604996
2017-03-26,0.7687042928883698,0.8461816373870172
2017-03-27,0.7804123616960603,0.8597184232135348
2017-03-28,0.7921204305037506,0.8732552090400523
2017-03-29,0.803828499311441,0.8867919948665699
2017-03-30,0.8155365681191313,0.9003287806930874
2017-03-31,0.8272446369268217,0.913865566519605
2017-04-01,0.8389527057345121,0.9274023523461226
2017-04-02,0.8506607745422025,0.9409391381726402
2017-04-03,0.8623688433498928,0.9544759239991577
2017-04-04,0.8740769121575831,0.9680127098256752
2017-04-05,0.8857849809652736,0.9815494956521928
2017-04-06,0.8974930497729638,0.9950862814787105
2017-04-07,0.9092011185806542,1.0086230673052279
2017-04-08,0.9209091873883446,1.0221598531317455
2017-04-09,0.932617256196035,1.0356966389582631
2017-04-10,0.9443253250037253,1.0492334247847808
2017-04-11,0.9560333938114156,1.0627702106112982
2017-04-12,0.9677414626191061,1.0763069964378158
2017-04-13,0.9794495314267964,1.0898437822643334
2017-04-14,0.9911576002344867,1.1033805680908508
2017-04-15,1.002865669042177,1.1169173539173685
2017-04-16,1.00397844238476,1.1192130841442074
2017-04-17,1.0050912157273428,1.1215088143710463
2017-04-18,1.006203989069926,1.1238045445978853
2017-04-19,1.0073167624125088,1.1261002748247242
2017-04-20,1.0084295357550916,1.1283960050515631
2017-04-21,1.0095423090976745,1.1306917352784023
2017-04-22,1.0106550824402576,1.1329874655052412
2017-04-23,1.0117678557828405,1.1352831957320801
2017-04-24,1.0128806291254233,1.137578925958919
2017-04-25,1.0139934024680062,1.139874656185758
2017-04-26,1.0151061758105893,1.142170386412597
2017-04-27,1.0162189491531721,1.1444661166394359
2017-04-28,1.017331722495755,1.1467618468662748
2017-04-29,1.0184444958383378,1.1490575770931137
2017-04-30,1.019557269180921,1.151353307319953
2017-05-01,1.0206700425235038,1.1536490375467918
2017-05-02,1.0217828158660867,1.1559447677736308
2017-05-03,1.0228955892086695,1.1582404980004697
2017-05-04,1.0240083625512524,1.1605362282273086
2017-05-05,1.0251211358938355,1.1628319584541476
2017-05-06,1.0262339092364183,1.1651276886809865
2017-05-07,1.0273466825790012,1.1674234189078254
2017-05-08,1.028459455921584,1.1697191491346643
2017-05-09,1.0295722292641671,1.1720148793615033
2017-05-10,1.03068500260675,1.1743106095883422
2017-05-11,1.0317977759493329,1.1766063398151814
2017-05-12,1.0329105492919157,1.1789020700420203
2017-05-13,1.0340233226344988,1.1811978002688592
2017-05-14,1.0351360959770817,1.1834935304956982
2017-05-15,1.0362488693196645,1.185789260722537
2017-05-16,1.0408613031639036,1.1883682219917344
2017-05-17,1.0454737370081428,1.1909471832609317
2017-05-18,1.0500861708523819,1.193526144530129
2017-05-19,1.054698604696621,1.1961051057993264
2017-05-20,1.0593110385408602,1.1986840670685237
2017-05-21,1.0639234723850992,1.2012630283377208
2017-05-22,1.0685359062293383,1.2038419896069181
2017-05-23,1.0731483400735775,1.2064209508761154
2017-05-24,1.0777607739178166,1.2089999121453128
2017-05-25,1.0823732077620556,1.21157887341451
2017-05-26,1.0869856416062949,1.2141578346837074
2017-05-27,1.091598075450534,1.2167367959529047
2017-05-28,1.096210509294773,1.219315757222102
2017-05-29,1.1008229431390122,1.2218947184912994
2017-05-30,1.1054353769832512,1.2244736797604967
2017-05-31,1.1100478108274903,1.2270526410296938
2017-06-01,1.1146602446717293,1.2296316022988911
2017-06-02,1.1192726785159686,1.2322105635680884
2017-06-03,1.1238851123602076,1.2347895248372858
2017-06-04,1.1284975462044469,1.237368486106483
2017-06-05,1.133109980048686,1.2399474473756804
2017-06-06,1.137722413892925,1.2425264086448777
2017-06-07,1.142334847737164,1.245105369914075
2017-06-08,1.1469472815814032,1.2476843311832724
2017-06-09,1.1515597154256423,1.2502632924524697
2017-06-10,1.1561721492698813,1.2528422537216668
2017-06-11,1.1607845831141206,1.2554212149908641
2017-06-12,1.1653970169583596,1.2580001762600614
2017-06-13,1.1700094508025987,1.2605791375292588
2017-06-14,1.174621884646838,1.263158098798456
2017-06-15,1.179234318491077,1.2657370600676534
2017-06-16,1.1764001010229628,1.2617179754440215
2017-06-17,1.1735658835548486,1.2576988908203899
2017-06-18,1.1707316660867344,1.253679806196758
2017-06-19,1.1678974486186202,1.2496607215731261
2017-06-20,1.165063231150506,1.2456416369494945
2017-06-21,1.1622290136823918,1.2416225523258626
2017-06-22,1.1593947962142777,1.237603467702231
2017-06-23,1.1565605787461635,1.233584383078599
2017-06-24,1.1537263612780493,1.2295652984549672
2017-06-25,1.150892143809935,1.2255462138313356
2017-06-26,1.148057926341821,1.2215271292077037
2017-06-27,1.1452237088737067,1.2175080445840718
2017-06-28,1.1423894914055925,1.2134889599604401
2017-06-29,1.1395552739374784,1.2094698753368083
2017-06-30,1.136721056469364,1.2054507907131766
2017-07-01,1.1338868390012498,1.2014317060895447
2017-07-02,1.1310526215331356,1.1974126214659129
2017-07-03,1.1282184040650214,1.1933935368422812
2017-07-04,1.1253841865969072,1.1893744522186493
2017-07-05,1.122549969128793,1.1853553675950175
2017-07-06,1.1197157516606788,1.1813362829713858
2017-07-07,1.1168815341925646,1.177317198347754
2017-07-08,1.1140473167244505,1.173298113724122
2017-07-09,1.1112130992563363,1.1692790291004904
2017-07-10,1.108378881788222,1.1652599444768585
2017-07-11,1.105544664320108,1.161240859853227
2017-07-12,1.1027104468519937,1.157221775229595
2017-07-13,1.0998762293838795,1.1532026906059631
2017-07-14,1.0970420119157653,1.1491836059823315
2017-07-15,1.0942077944476511,1.1451645213586996
2017-07-16,1.0921618599784344,1.1432404304796093
2017-07-17,1.0901159255092177,1.141316339600519
2017-07-18,1.088069991040001,1.1393922487214287
2017-07-19,1.0860240565707842,1.1374681578423382
2017-07-20,1.0839781221015674,1.135544066963248
2017-07-21,1.0819321876323504,1.1336199760841577
2017-07-22,1.0798862531631337,1.1316958852050674
2017-07-23,1.077840318693917,1.129771794325977
2017-07-24,1.0757943842247002,1.1278477034468868
2017-07-25,1.0737484497554834,1.1259236125677963
2017-07-26,1.0717025152862667,1.123999521688706
2017-07-27,1.06965658081705,1.1220754308096157
2017-07-28,1.0676106463478332,1.1201513399305254
2017-07-29,1.0655647118786165,1.1182272490514351
2017-07-30,1.0635187774093997,1.1163031581723448
2017-07-31,1.0614728429401827,1.1143790672932543
2017-08-01,1.059426908470966,1.112454976414164
2017-08-02,1.0573809740017492,1.1105308855350737
2017-08-03,1.0553350395325325,1.1086067946559834
2017-08-04,1.0532891050633157,1.1066827037768932
2017-08-05,1.051243170594099,1.1047586128978029
2017-08-06,1.0491972361248822,1.1028345220187123
2017-08-07,1.0471513016556655,1.100910431139622
2017-08-08,1.0451053671864488,1.0989863402605318
2017-08-09,1.043059432717232,1.0970622493814415
2017-08-10,1.041013498248015,1.0951381585023512
2017-08-11,1.0389675637787983,1.093214067623261
2017-08-12,1.0369216293095815,1.0912899767441706
2017-08-13,1.0348756948403648,1.08936588586508
2017-08-14,1.032829760371148,1.0874417949859898
2017-08-15,1.0307838259019313,1.0855177041068995
2017-08-16,1.0208182818295601,1.0797172558308734
2017-08-17,1.010852737757189,1.0739168075548475
2017-08-18,1.0008871936848176,1.0681163592788214
2017-08-19,0.9909216496124464,1.0623159110027955
2017-08-20,0.9809561055400753,1.0565154627267694
2017-08-21,0.9709905614677041,1.0507150144507433
2017-08-22,0.9610250173953329,1.0449145661747175
2017-08-23,0.9510594733229617,1.0391141178986913
2017-08-24,0.9410939292505904,1.0333136696226652
2017-08-25,0.9311283851782193,1.0275132213466394
2017-08-26,0.921162841105848,1.0217127730706133
2017-08-27,0.9111972970334768,1.0159123247945874
2017-08-28,0.9012317529611056,1.0101118765185613
2017-08-29,0.8912662088887344,1.0043114282425352
2017-08-30,0.8813006648163633,0.9985109799665093
2017-08-31,0.871335120743992,0.9927105316904832
2017-09-01,0.8613695766716208,0.9869100834144572
2017-09-02,0.8514040325992496,0.9811096351384312
2017-09-03,0.8414384885268784,0.9753091868624052
2017-09-04,0.8314729444545073,0.9695087385863792
2017-09-05,0.821507400382136,0.9637082903103531
2017-09-06,0.8115418563097648,0.9579078420343271
2017-09-07,0.8015763122373936,0.9521073937583011
2017-09-08,0.7916107681650224,0.946306945482275
2017-09-09,0.7816452240926512,0.940506497206249
2017-09-10,0.77167968002028,0.934706048930223
2017-09-11,0.7617141359479087,0.928905600654197
2017-09-12,0.7517485918755376,0.923105152378171
2017-09-13,0.7417830478031664,0.9173047041021449
2017-09-14,0.7318175037307952,0.9115042558261189
2017-09-15,0.721851959658424,0.9057038075500929
2017-09-16,0.7208996214380571,0.9032324983303116
2017-09-17,0.7199472832176902,0.9007611891105303
2017-09-18,0.7189949449973232,0.8982898798907489
2017-09-19,0.7180426067769563,0.8958185706709676
2017-09-20,0.7170902685565894,0.8933472614511863
2017-09-21,0.7161379303362225,0.8908759522314049
2017-09-22,0.7151855921158555,0.8884046430116236
2017-09-23,0.7142332538954886,0.8859333337918421
2017-09-24,0.7132809156751218,0.8834620245720608
2017-09-25,0.7123285774547549,0.8809907153522795
2017-09-26,0.7113762392343879,0.8785194061324981
2017-09-27,0.710423901014021,0.8760480969127168
2017-09-28,0.7094715627936541,0.8735767876929355
2017-09-29,0.7085192245732872,0.8711054784731541
2017-09-30,0.7075668863529203,0.8686341692533728
2017-10-01,0.7066145481325533,0.8661628600335914
2017-10-02,0.7056622099121864,0.8636915508138101
2017-10-03,0.7047098716918195,0.8612202415940288
2017-10-04,0.7037575334714526,0.8587489323742474
2017-10-05,0.7028051952510856,0.8562776231544661
2017-10-06,0.7018528570307188,0.8538063139346848
2017-10-07,0.7009005188103519,0.8513350047149034
2017-10-08,0.699948180589985,0.8488636954951221
2017-10-09,0.698995842369618,0.8463923862753406
2017-10-10,0.6980435041492511,0.8439210770555593
2017-10-11,0.6970911659288842,0.841449767835778
2017-10-12,0.6961388277085173,0.8389784586159966
2017-10-13,0.6951864894881503,0.8365071493962153
2017-10-14,0.6942341512677834,0.834035840176434
2017-10-15,0.6932818130474165,0.8315645309566526
2017-10-16,0.6891522690002243,0.8245327022124107
2017-10-17,0.685022724953032,0.8175008734681689
2017-10-18,0.6808931809058397,0.810469044723927
2017-10-19,0.6767636368586475,0.8034372159796851
2017-10-20,0.6726340928114551,0.7964053872354433
2017-10-21,0.6685045487642629,0.7893735584912014
2017-10-22,0.6643750047170707,0.7823417297469595
2017-10-23,0.6602454606698783,0.7753099010027177
2017-10-24,0.6561159166226861,0.7682780722584758
2017-10-25,0.6519863725754937,0.7612462435142339
2017-10-26,0.6478568285283015,0.7542144147699921
2017-10-27,0.6437272844811093,0.7471825860257502
2017-10-28,0.6395977404339169,0.7401507572815083
2017-10-29,0.6354681963867247,0.7331189285372663
2017-10-30,0.6313386523395325,0.7260870997930245
2017-10-31,0.6272091082923401,0.7190552710487826
2017-11-01,0.6230795642451479,0.7120234423045408
2017-11-02,0.6189500201979556,0.7049916135602989
2017-11-03,0.6148204761507633,0.697959784816057
2017-11-04,0.6106909321035711,0.6909279560718151
2017-11-05,0.6065613880563788,0.6838961273275733
2017-11-06,0.6024318440091865,0.6768642985833314
2017-11-07,0.5983022999619942,0.6698324698390895
2017-11-08,0.594172755914802,0.6628006410948477
2017-11-09,0.5900432118676097,0.6557688123506058
2017-11-10,0.5859136678204174,0.6487369836063639
2017-11-11,0.5817841237732251,0.6417051548621221
2017-11-12,0.5776545797260328,0.6346733261178802
2017-11-13,0.5735250356788406,0.6276414973736383
2017-11-14,0.5693954916316484,0.6206096686293965
2017-11-15,0.565265947584456,0.6135778398851546
2017-11-16,0.5660766713033989,0.6145196022945434
2017-11-17,0.5668873950223418,0.6154613647039322
2017-11-18,0.5676981187412846,0.616403127113321
2017-11-19,0.5685088424602275,0.6173448895227098
2017-11-20,0.5693195661791703,0.6182866519320986
2017-11-21,0.5701302898981132,0.6192284143414875
2017-11-22,0.5709410136170561,0.6201701767508763
2017-11-23,0.5717517373359988,0.6211119391602651
2017-11-24,0.5725624610549417,0.6220537015696539
2017-11-25,0.5733731847738845,0.6229954639790427
2017-11-26,0.5741839084928274,0.6239372263884315
2017-11-27,0.5749946322117703,0.6248789887978203
2017-11-28,0.5758053559307131,0.6258207512072093
2017-11-29,0.576616079649656,0.6267625136165981
2017-11-30,0.5774268033685989,0.6277042760259869
2017-12-01,0.5782375270875417,0.6286460384353757
2017-12-02,0.5790482508064846,0.6295878008447645
2017-12-03,0.5798589745254275,0.6305295632541533
2017-12-04,0.5806696982443703,0.6314713256635421
2017-12-05,0.5814804219633132,0.632413088072931
2017-12-06,0.582291145682256,0.6333548504823198
2017-12-07,0.5831018694011989,0.6342966128917086
2017-12-08,0.5839125931201417,0.6352383753010974
2017-12-09,0.5847233168390845,0.6361801377104862
2017-12-10,0.5855340405580274,0.637121900119875
2017-12-11,0.5863447642769702,0.6380636625292638
2017-12-12,0.5871554879959131,0.6390054249386526
2017-12-13,0.587966211714856,0.6399471873480415
2017-12-14,0.5887769354337988,0.6408889497574303
2017-12-15,0.5895876591527417,0.6418307121668191
2017-12-16,0.5903983828716846,0.6427724745762079
2017-12-17,0.5912091065906274,0.6437142369855967
2017-12-18,0.5920198303095703,0.6446559993949855
2017-12-19,0.5928305540285131,0.6455977618043743
2017-12-20,0.593641277747456,0.6465395242137633
2017-12-21,0.5944520014663989,0.6474812866231521
2017-12-22,0.5952627251853417,0.6484230490325409
2017-12-23,0.5960734489042845,0.6493648114419297
2017-12-24,0.5968841726232273,0.6503065738513185
2017-12-25,0.5976948963421702,0.6512483362607073
2017-12-26,0.5985056200611131,0.6521900986700961
2017-12-27,0.5993163437800559,0.653131861079485
2017-12-28,0.6001270674989988,0.6540736234888738
2017-12-29,0.6009377912179417,0.6550153858982626
2017-12-30,0.6017485149368845,0.6559571483076514
2017-12-31,0.6025592386558274,0.6568989107170402
2018-01-01,0.6033699623747703,0.657840673126429
2018-01-02,0.6041806860937131,0.6587824355358178
2018-01-03,0.604991409812656,0.6597241979452066
2018-01-04,0.6058021335315988,0.6606659603545955
2018-01-05,0.6066128572505417,0.6616077227639843
2018-01-06,0.6074235809694846,0.6625494851733731
2018-01-07,0.6082343046884273,0.6634912475827619
2018-01-08,0.6090450284073702,0.6644330099921507
2018-01-09,0.609855752126313,0.6653747724015395
2018-01-10,0.6106664758452559,0.6663165348109283
2018-01-11,0.6114771995641988,0.6672582972203172
2018-01-12,0.6122879232831416,0.668200059629706
2018-01-13,0.6130986470020845,0.6691418220390948
2018-01-14,0.6139093707210274,0.6700835844484836
2018-01-15,0.6147200944399702,0.6710253468578725
2018-01-16,0.6155308181589131,0.6719671092672613
2018-01-17,0.616341541877856,0.6729088716766501
2018-01-18,0.6171522655967988,0.673850634086039
2018-01-19,0.6179629893157417,0.6747923964954278
2018-01-20,0.6187737130346845,0.6757341589048166
2018-01-21,0.6195844367536274,0.6766759213142054
2018-01-22,0.6203951604725702,0.6776176837235942
2018-01-23,0.621205884191513,0.678559446132983
2018-01-24,0.6220166079104559,0.6795012085423718
2018-01-25,0.6228273316293987,0.6804429709517607
2018-01-26,0.6236380553483416,0.6813847333611495
2018-01-27,0.6244487790672845,0.6823264957705383
2018-01-28,0.6252595027862273,0.6832682581799271
2018-01-29,0.6260702265051702,0.6842100205893159
2018-01-30,0.626880950224113,0.6851517829987047
2018-01-31,0.6276916739430559,0.6860935454080935
2018-02-01,0.6285023976619988,0.6870353078174823
2018-02-02,0.6293131213809416,0.6879770702268712
2018-02-03,0.6301238450998845,0.68891883263626
2018-02-04,0.6309345688188274,0.6898605950456488
2018-02-05,0.6317452925377702,0.6908023574550377
2018-02-06,0.632556016256713,0.6917441198644265
2018-02-07,0.6333667399756558,0.6926858822738153
2018-02-08,0.6341774636945987,0.6936276446832041
2018-02-09,0.6349881874135416,0.694569407092593
2018-02-10,0.6357989111324844,0.6955111695019818
2018-02-11,0.6366096348514273,0.6964529319113706
2018-02-12,0.6374203585703702,0.6973946943207594
2018-02-13,0.638231082289313,0.6983364567301482
2018-02-14,0.6390418060082559,0.699278219139537
2018-02-15,0.6398525297271987,0.7002199815489258
2018-02-16,0.6406632534461416,0.7011617439583147
2018-02-17,0.6414739771650845,0.7021035063677035
2018-02-18,0.6422847008840273,0.7030452687770923
2018-02-19,0.6430954246029702,0.7039870311864811
2018-02-20,0.6439061483219131,0.7049287935958699
2018-02-21,0.6447168720408558,0.7058705560052587
2018-02-22,0.6455275957597987,0.7068123184146475
2018-02-23,0.6463383194787415,0.7077540808240363
2018-02-24,0.6471490431976844,0.7086958432334252
2018-02-25,0.6479597669166273,0.709637605642814
2018-02-26,0.6487704906355701,0.7105793680522028
2018-02-27,0.649581214354513,0.7115211304615916
2018-02-28,0.6503919380734559,0.7124628928709804
2018-03-01,0.6512026617923987,0.7134046552803692
2018-03-02,0.6520133855113416,0.714346417689758
2018-03-03,0.6528241092302844,0.7152881800991469
2018-03-04,0.6536348329492273,0.7162299425085358
2018-03-05,0.6544455566681702,0.7171717049179246
2018-03-06,0.655256280387113,0.7181134673273134
2018-03-07,0.6560670041060559,0.7190552297367022
2018-03-08,0.6568777278249986,0.719996992146091
2018-03-09,0.6576884515439415,0.7209387545554798
2018-03-10,0.6584991752628844,0.7218805169648687
2018-03-11,0.6593098989818272,0.7228222793742575
2018-03-12,0.6601206227007701,0.7237640417836463
2018-03-13,0.660931346419713,0.7247058041930351
2018-03-14,0.6617420701386558,0.7256475666024239
2018-03-15,0.6625527938575987,0.7265893290118127
2018-03-16,0.6673611833610117,0.7369671078891799
2018-03-17,0.6721695728644247,0.7473448867665469
2018-03-18,0.6769779623678377,0.757722665643914
2018-03-19,0.6817863518712507,0.768100444521281
2018-03-20,0.6865947413746637,0.7784782233986481
2018-03-21,0.6914031308780767,0.7888560022760152
2018-03-22,0.6962115203814897,0.7992337811533823
2018-03-23,0.7010199098849027,0.8096115600307493
2018-03-24,0.7058282993883157,0.8199893389081164
2018-03-25,0.7106366888917287,0.8303671177854834
2018-03-26,0.7154450783951417,0.8407448966628506
2018-03-27,0.7202534678985547,0.8511226755402176
2018-03-28,0.7250618574019677,0.8615004544175847
2018-03-29,0.7298702469053806,0.8718782332949517
2018-03-30,0.7346786364087936,0.8822560121723189
2018-03-31,0.7394870259122066,0.8926337910496859
2018-04-01,0.7442954154156196,0.903011569927053
2018-04-02,0.7491038049190326,0.91338934880442
2018-04-03,0.7539121944224456,0.9237671276817871
2018-04-04,0.7587205839258586,0.9341449065591542
2018-04-05,0.7635289734292716,0.9445226854365213
2018-04-06,0.7683373629326846,0.9549004643138883
2018-04-07,0.7731457524360976,0.9652782431912554
2018-04-08,0.7779541419395106,0.9756560220686226
2018-04-09,0.7827625314429236,0.9860338009459896
2018-04-10,0.7875709209463366,0.9964115798233566
2018-04-11,0.7923793104497496,1.0067893587007237
2018-04-12,0.7971876999531626,1.0171671375780909
2018-04-13,0.8019960894565756,1.027544916455458
2018-04-14,0.8068044789599886,1.0379226953328249
2018-04-15,0.8116128684634016,1.048300474210192
2018-04-16,0.8108827472903751,1.0467986989574896
2018-04-17,0.8101526261173486,1.0452969237047873
2018-04-18,0.8094225049443221,1.0437951484520849
2018-04-19,0.8086923837712956,1.0422933731993826
2018-04-20,0.807962262598269,1.0407915979466802
2018-04-21,0.8072321414252425,1.039289822693978
2018-04-22,0.806502020252216,1.0377880474412755
2018-04-23,0.8057718990791894,1.0362862721885733
2018-04-24,0.8050417779061629,1.0347844969358708
2018-04-25,0.8043116567331364,1.0332827216831686
2018-04-26,0.8035815355601099,1.0317809464304661
2018-04-27,0.8028514143870834,1.030279171177764
2018-04-28,0.8021212932140569,1.0287773959250615
2018-04-29,0.8013911720410304,1.0272756206723592
2018-04-30,0.8006610508680039,1.0257738454196568
2018-05-01,0.7999309296949773,1.0242720701669543
2018-05-02,0.7992008085219507,1.022770294914252
2018-05-03,0.7984706873489242,1.0212685196615496
2018-05-04,0.7977405661758977,1.0197667444088474
2018-05-05,0.7970104450028712,1.018264969156145
2018-05-06,0.7962803238298447,1.0167631939034427
2018-05-07,0.7955502026568182,1.0152614186507403
2018-05-08,0.7948200814837917,1.013759643398038
2018-05-09,0.7940899603107652,1.0122578681453356
2018-05-10,0.7933598391377386,1.0107560928926334
2018-05-11,0.792629717964712,1.009254317639931
2018-05-12,0.7918995967916855,1.0077525423872287
2018-05-13,0.791169475618659,1.0062507671345262
2018-05-14,0.7904393544456325,1.004748991881824
2018-05-15,0.789709233272606,1.0032472166291215
2018-05-16,0.780003295554435,0.9902843823570374
2018-05-17,0.770297357836264,0.9773215480849533
2018-05-18,0.760591420118093,0.9643587138128692
2018-05-19,0.7508854823999219,0.9513958795407851
2018-05-20,0.741179544681751,0.9384330452687011
2018-05-21,0.7314736069635799,0.9254702109966169
2018-05-22,0.7217676692454089,0.9125073767245329
2018-05-23,0.7120617315272378,0.8995445424524487
2018-05-24,0.7023557938090669,0.8865817081803646
2018-05-25,0.6926498560908958,0.8736188739082805
2018-05-26,0.6829439183727248,0.8606560396361964
2018-05-27,0.6732379806545538,0.8476932053641123
2018-05-28,0.6635320429363828,0.8347303710920282
2018-05-29,0.6538261052182117,0.8217675368199441
2018-05-30,0.6441201675000408,0.80880470254786
2018-05-31,0.6344142297818697,0.795841868275776
2018-06-01,0.6247082920636987,0.7828790340036917
2018-06-02,0.6150023543455276,0.7699161997316077
2018-06-03,0.6052964166273567,0.7569533654595236
2018-06-04,0.5955904789091856,0.7439905311874395
2018-06-05,0.5858845411910146,0.7310276969153554
2018-06-06,0.5761786034728436,0.7180648626432713
2018-06-07,0.5664726657546726,0.7051020283711872
2018-06-08,0.5567667280365016,0.6921391940991031
2018-06-09,0.5470607903183305,0.6791763598270191
2018-06-10,0.5373548526001595,0.6662135255549348
2018-06-11,0.5276489148819885,0.6532506912828508
2018-06-12,0.5179429771638175,0.6402878570107666
2018-06-13,0.5082370394456465,0.6273250227386826
2018-06-14,0.49853110172747545,0.6143621884665985
2018-06-15,0.4888251640093044,0.6013993541945144
2018-06-16,0.49003889324189415,0.6022346375415458
2018-06-17,0.4912526224744838,0.6030699208885772
2018-06-18,0.49246635170707354,0.6039052042356087
2018-06-19,0.49368008093966326,0.6047404875826401
2018-06-20,0.4948938101722529,0.6055757709296715
2018-06-21,0.49610753940484265,0.6064110542767029
2018-06-22,0.49732126863743237,0.6072463376237344
2018-06-23,0.49853499787002203,0.6080816209707658
2018-06-24,0.49974872710261176,0.6089169043177972
2018-06-25,0.5009624563352014,0.6097521876648286
2018-06-26,0.5021761855677912,0.6105874710118601
2018-06-27,0.5033899148003809,0.6114227543588915
2018-06-28,0.5046036440329705,0.6122580377059229
2018-06-29,0.5058173732655603,0.6130933210529543
2018-06-30,0.50703110249815,0.6139286043999856
2018-07-01,0.5082448317307396,0.6147638877470171
2018-07-02,0.5094585609633294,0.6155991710940485
2018-07-03,0.5106722901959191,0.6164344544410799
2018-07-04,0.5118860194285088,0.6172697377881113
2018-07-05,0.5130997486610985,0.6181050211351428
2018-07-06,0.5143134778936882,0.6189403044821742
2018-07-07,0.5155272071262779,0.6197755878292056
2018-07-08,0.5167409363588676,0.620610871176237
2018-07-09,0.5179546655914573,0.6214461545232685
2018-07-10,0.519168394824047,0.6222814378702999
2018-07-11,0.5203821240566368,0.6231167212173313
2018-07-12,0.5215958532892264,0.6239520045643627
2018-07-13,0.5228095825218161,0.6247872879113942
2018-07-14,0.5240233117544059,0.6256225712584256
2018-07-15,0.5252370409869955,0.626457854605457
2018-07-16,0.521898377203251,0.6226995800328688
2018-07-17,0.5185597134195066,0.6189413054602806
2018-07-18,0.5152210496357621,0.6151830308876924
2018-07-19,0.5118823858520176,0.6114247563151042
2018-07-20,0.5085437220682731,0.607666481742516
2018-07-21,0.5052050582845287,0.6039082071699279
2018-07-22,0.5018663945007842,0.6001499325973396
2018-07-23,0.49852773071703965,0.5963916580247515
2018-07-24,0.4951890669332952,0.5926333834521633
2018-07-25,0.4918504031495507,0.5888751088795751
2018-07-26,0.48851173936580616,0.5851168343069869
2018-07-27,0.4851730755820617,0.5813585597343986
2018-07-28,0.4818344117983172,0.5776002851618105
2018-07-29,0.47849574801457273,0.5738420105892224
2018-07-30,0.47515708423082825,0.5700837360166341
2018-07-31,0.4718184204470838,0.5663254614440459
2018-08-01,0.4684797566633393,0.5625671868714577
2018-08-02,0.4651410928795948,0.5588089122988695
2018-08-03,0.46180242909585034,0.5550506377262814
2018-08-04,0.4584637653121058,0.5512923631536931
2018-08-05,0.45512510152836133,0.547534088581105
2018-08-06,0.45178643774461685,0.5437758140085167
2018-08-07,0.4484477739608724,0.5400175394359286
2018-08-08,0.4451091101771279,0.5362592648633404
2018-08-09,0.4417704463933834,0.5325009902907522
2018-08-10,0.4384317826096389,0.528742715718164
2018-08-11,0.4350931188258944,0.5249844411455757
2018-08-12,0.43175445504214993,0.5212261665729876
2018-08-13,0.42841579125840545,0.5174678920003994
2018-08-14,0.425077127474661,0.5137096174278112
2018-08-15,0.4217384636909165,0.509951342855223
2018-08-16,0.4294080313663021,0.518698252799898
2018-08-17,0.4370775990416878,0.527445162744573
2018-08-18,0.4447471667170734,0.5361920726892478
2018-08-19,0.4524167343924591,0.5449389826339228
2018-08-20,0.46008630206784473,0.5536858925785978
2018-08-21,0.46775586974323036,0.5624328025232728
2018-08-22,0.47542543741861604,0.5711797124679476
2018-08-23,0.48309500509400166,0.5799266224126226
2018-08-24,0.49076457276938734,0.5886735323572976
2018-08-25,0.49843414044477297,0.5974204423019726
2018-08-26,0.5061037081201586,0.6061673522466475
2018-08-27,0.5137732757955442,0.6149142621913224
2018-08-28,0.52144284347093,0.6236611721359974
2018-08-29,0.5291124111463156,0.6324080820806723
2018-08-30,0.5367819788217012,0.6411549920253473
2018-08-31,0.5444515464970868,0.6499019019700223
2018-09-01,0.5521211141724724,0.6586488119146972
2018-09-02,0.5597906818478582,0.6673957218593721
2018-09-03,0.5674602495232438,0.6761426318040471
2018-09-04,0.5751298171986294,0.684889541748722
2018-09-05,0.5827993848740151,0.693636451693397
2018-09-06,0.5904689525494007,0.7023833616380719
2018-09-07,0.5981385202247864,0.7111302715827469
2018-09-08,0.605808087900172,0.7198771815274219
2018-09-09,0.6134776555755577,0.7286240914720967
2018-09-10,0.6211472232509433,0.7373710014167717
2018-09-11,0.6288167909263289,0.7461179113614467
2018-09-12,0.6364863586017147,0.7548648213061216
2018-09-13,0.6441559262771003,0.7636117312507966
2018-09-14,0.6518254939524859,0.7723586411954715
2018-09-15,0.6594950616278715,0.7811055511401465
2018-09-16,0.6566281488725064,0.7782537148350124
2018-09-17,0.6537612361171414,0.7754018785298783
2018-09-18,0.6508943233617763,0.7725500422247442
2018-09-19,0.6480274106064112,0.76969820591961
2018-09-20,0.6451604978510461,0.7668463696144759
2018-09-21,0.6422935850956811,0.7639945333093419
2018-09-22,0.639426672340316,0.7611426970042078
2018-09-23,0.6365597595849509,0.7582908606990737
2018-09-24,0.6336928468295859,0.7554390243939395
2018-09-25,0.6308259340742208,0.7525871880888054
2018-09-26,0.6279590213188557,0.7497353517836713
2018-09-27,0.6250921085634907,0.7468835154785373
2018-09-28,0.6222251958081256,0.7440316791734032
2018-09-29,0.6193582830527605,0.7411798428682691
2018-09-30,0.6164913702973955,0.738328006563135
2018-10-01,0.6136244575420304,0.7354761702580008
2018-10-02,0.6107575447866653,0.7326243339528667
2018-10-03,0.6078906320313002,0.7297724976477327
2018-10-04,0.6050237192759352,0.7269206613425986
2018-10-05,0.6021568065205701,0.7240688250374645
2018-10-06,0.599289893765205,0.7212169887323303
2018-10-07,0.59642298100984,0.7183651524271962
2018-10-08,0.5935560682544749,0.7155133161220621
2018-10-09,0.5906891554991098,0.7126614798169281
2018-10-10,0.5878222427437447,0.709809643511794
2018-10-11,0.5849553299883797,0.7069578072066599
2018-10-12,0.5820884172330146,0.7041059709015258
2018-10-13,0.5792215044776495,0.7012541345963916
2018-10-14,0.5763545917222845,0.6984022982912576
2018-10-15,0.5734876789669194,0.6955504619861235
2018-10-16,0.5742526828009378,0.6960385093722226
2018-10-17,0.5750176866349562,0.6965265567583215
2018-10-18,0.5757826904689746,0.6970146041444206
2018-10-19,0.576547694302993,0.6975026515305197
2018-10-20,0.5773126981370114,0.6979906989166187
2018-10-21,0.5780777019710297,0.6984787463027178
2018-10-22,0.5788427058050482,0.6989667936888169
2018-10-23,0.5796077096390665,0.6994548410749158
2018-10-24,0.5803727134730848,0.6999428884610149
2018-10-25,0.5811377173071033,0.700430935847114
2018-10-26,0.5819027211411216,0.700918983233213
2018-10-27,0.5826677249751401,0.7014070306193121
2018-10-28,0.5834327288091584,0.7018950780054112
2018-10-29,0.5841977326431768,0.7023831253915102
2018-10-30,0.5849627364771952,0.7028711727776092
2018-10-31,0.5857277403112136,0.7033592201637083
2018-11-01,0.586492744145232,0.7038472675498073
2018-11-02,0.5872577479792503,0.7043353149359064
2018-11-03,0.5880227518132687,0.7048233623220055
2018-11-04,0.5887877556472871,0.7053114097081045
2018-11-05,0.5895527594813055,0.7057994570942036
2018-11-06,0.5903177633153238,0.7062875044803026
2018-11-07,0.5910827671493423,0.7067755518664016
2018-11-08,0.5918477709833606,0.7072635992525007
2018-11-09,0.5926127748173791,0.7077516466385998
2018-11-10,0.5933777786513974,0.7082396940246988
2018-11-11,0.5941427824854157,0.7087277414107979
2018-11-12,0.5949077863194342,0.709215788796897
2018-11-13,0.5956727901534525,0.7097038361829959
2018-11-14,0.596437793987471,0.710191883569095
2018-11-15,0.5972027978214893,0.7106799309551941
2018-11-16,0.5979678016555077,0.7111679783412931
2018-11-17,0.5987328054895261,0.7116560257273922
2018-11-18,0.5994978093235445,0.7121440731134913
2018-11-19,0.6002628131575628,0.7126321204995902
2018-11-20,0.6010278169915813,0.7131201678856893
2018-11-21,0.6017928208255996,0.7136082152717884
2018-11-22,0.602557824659618,0.7140962626578874
2018-11-23,0.6033228284936364,0.7145843100439865
2018-11-24,0.6040878323276547,0.7150723574300856
2018-11-25,0.6048528361616732,0.7155604048161845
2018-11-26,0.6056178399956915,0.7160484522022836
2018-11-27,0.6063828438297099,0.7165364995883827
2018-11-28,0.6071478476637283,0.7170245469744817
2018-11-29,0.6079128514977467,0.7175125943605808
2018-11-30,0.6086778553317651,0.7180006417466799
2018-12-01,0.6094428591657834,0.7184886891327789
2018-12-02,0.6102078629998018,0.718976736518878
2018-12-03,0.6109728668338202,0.719464783904977
2018-12-04,0.6117378706678386,0.719952831291076
2018-12-05,0.612502874501857,0.7204408786771751
2018-12-06,0.6132678783358754,0.7209289260632742
2018-12-07,0.6140328821698937,0.7214169734493732
2018-12-08,0.6147978860039122,0.7219050208354723
2018-12-09,0.6155628898379305,0.7223930682215713
2018-12-10,0.616327893671949,0.7228811156076703
2018-12-11,0.6170928975059673,0.7233691629937694
2018-12-12,0.6178579013399856,0.7238572103798685
2018-12-13,0.6186229051740041,0.7243452577659675
2018-12-14,0.6193879090080224,0.7248333051520666
2018-12-15,0.6201529128420408,0.7253213525381657
2018-12-16,0.6209179166760592,0.7258093999242646
2018-12-17,0.6216829205100776,0.7262974473103637
2018-12-18,0.622447924344096,0.7267854946964628
2018-12-19,0.6232129281781144,0.7272735420825618
2018-12-20,0.6239779320121327,0.7277615894686609
2018-12-21,0.6247429358461511,0.72824963685476
2018-12-22,0.6255079396801695,0.728737684240859
2018-12-23,0.6262729435141878,0.729225731626958
2018-12-24,0.6270379473482063,0.7297137790130571
2018-12-25,0.6278029511822246,0.7302018263991561
2018-12-26,0.6285679550162431,0.7306898737852552
2018-12-27,0.6293329588502614,0.7311779211713543
2018-12-28,0.6300979626842798,0.7316659685574534
2018-12-29,0.6308629665182982,0.7321540159435523
2018-12-30,0.6316279703523165,0.7326420633296514
2018-12-31,0.632392974186335,0.7331301107157504
2019-01-01,0.6331579780203533,0.7336181581018495
2019-01-02,0.6339229818543717,0.7341062054879486
2019-01-03,0.6346879856883901,0.7345942528740477
2019-01-04,0.6354529895224085,0.7350823002601466
2019-01-05,0.6362179933564269,0.7355703476462457
2019-01-06,0.6369829971904453,0.7360583950323447
2019-01-07,0.6377480010244636,0.7365464424184438
2019-01-08,0.6385130048584821,0.7370344898045429
2019-01-09,0.6392780086925004,0.737522537190642
2019-01-10,0.6400430125265187,0.738010584576741
2019-01-11,0.6408080163605372,0.73849863196284
2019-01-12,0.6415730201945555,0.7389866793489391
2019-01-13,0.6423380240285739,0.7394747267350381
2019-01-14,0.6431030278625923,0.7399627741211372
2019-01-15,0.6438680316966107,0.7404508215072363
2019-01-16,0.6446330355306291,0.7409388688933353
2019-01-17,0.6453980393646475,0.7414269162794344
2019-01-18,0.6461630431986658,0.7419149636655334
2019-01-19,0.6469280470326843,0.7424030110516324
2019-01-20,0.6476930508667026,0.7428910584377315
2019-01-21,0.648458054700721,0.7433791058238306
2019-01-22,0.6492230585347394,0.7438671532099296
2019-01-23,0.6499880623687577,0.7443552005960287
2019-01-24,0.6507530662027762,0.7448432479821278
2019-01-25,0.6515180700367945,0.7453312953682267
2019-01-26,0.652283073870813,0.7458193427543258
2019-01-27,0.6530480777048313,0.7463073901404249
2019-01-28,0.6538130815388496,0.7467954375265239
2019-01-29,0.6545780853728681,0.747283484912623
2019-01-30,0.6553430892068864,0.7477715322987221
2019-01-31,0.6561080930409049,0.748259579684821
2019-02-01,0.6568730968749232,0.7487476270709201
2019-02-02,0.6576381007089416,0.7492356744570192
2019-02-03,0.65840310454296,0.7497237218431182
2019-02-04,0.6591681083769784,0.7502117692292173
2019-02-05,0.6599331122109967,0.7506998166153164
2019-02-06,0.6606981160450152,0.7511878640014154
2019-02-07,0.6614631198790335,0.7516759113875144
2019-02-08,0.6622281237130518,0.7521639587736135
2019-02-09,0.6629931275470703,0.7526520061597125
2019-02-10,0.6637581313810886,0.7531400535458116
2019-02-11,0.6645231352151071,0.7536281009319107
2019-02-12,0.6652881390491254,0.7541161483180097
2019-02-13,0.6660531428831438,0.7546041957041087
2019-02-14,0.6668181467171622,0.7550922430902078
2019-02-15,0.6675831505511806,0.7555802904763068
2019-02-16,0.668348154385199,0.7560683378624059
2019-02-17,0.6691131582192174,0.756556385248505
2019-02-18,0.6698781620532357,0.757044432634604
2019-02-19,0.6706431658872541,0.7575324800207031
2019-02-20,0.6714081697212725,0.7580205274068021
2019-02-21,0.6721731735552909,0.7585085747929011
2019-02-22,0.6729381773893093,0.7589966221790002
2019-02-23,0.6737031812233276,0.7594846695650993
2019-02-24,0.6744681850573461,0.7599727169511983
2019-02-25,0.6752331888913644,0.7604607643372974
2019-02-26,0.6759981927253828,0.7609488117233965
2019-02-27,0.6767631965594012,0.7614368591094954
2019-02-28,0.6775282003934195,0.7619249064955945
2019-03-01,0.678293204227438,0.7624129538816936
2019-03-02,0.6790582080614563,0.7629010012677926
2019-03-03,0.6798232118954747,0.7633890486538917
2019-03-04,0.6805882157294931,0.7638770960399908
2019-03-05,0.6813532195635115,0.7643651434260897
2019-03-06,0.6821182233975298,0.7648531908121888
2019-03-07,0.6828832272315483,0.7653412381982879
2019-03-08,0.6836482310655666,0.7658292855843869
2019-03-09,0.684413234899585,0.766317332970486
2019-03-10,0.6851782387336034,0.7668053803565851
2019-03-11,0.6859432425676217,0.767293427742684
2019-03-12,0.6867082464016402,0.7677814751287831
2019-03-13,0.6874732502356585,0.7682695225148822
2019-03-14,0.688238254069677,0.7687575699009812
2019-03-15,0.6890032579036953,0.7692456172870803
2019-03-16,0.6880630526372966,0.7701964478719269
2019-03-17,0.6871228473708978,0.7711472784567733
2019-03-18,0.6861826421044991,0.7720981090416199
2019-03-19,0.6852424368381004,0.7730489396264664
2019-03-20,0.6843022315717017,0.7739997702113129
2019-03-21,0.6833620263053028,0.7749506007961594
2019-03-22,0.6824218210389041,0.775901431381006
2019-03-23,0.6814816157725054,0.7768522619658524
2019-03-24,0.6805414105061067,0.777803092550699
2019-03-25,0.6796012052397079,0.7787539231355455
2019-03-26,0.6786609999733092,0.779704753720392
2019-03-27,0.6777207947069105,0.7806555843052386
2019-03-28,0.6767805894405118,0.7816064148900851
2019-03-29,0.675840384174113,0.7825572454749317
2019-03-30,0.6749001789077143,0.7835080760597781
2019-03-31,0.6739599736413155,0.7844589066446247
2019-04-01,0.6730197683749168,0.7854097372294712
2019-04-02,0.672079563108518,0.7863605678143177
2019-04-03,0.6711393578421193,0.7873113983991642
2019-04-04,0.6701991525757206,0.7882622289840108
2019-04-05,0.6692589473093219,0.7892130595688573
2019-04-06,0.6683187420429231,0.7901638901537038
2019-04-07,0.6673785367765244,0.7911147207385504
2019-04-08,0.6664383315101257,0.7920655513233968
2019-04-09,0.665498126243727,0.7930163819082434
2019-04-10,0.6645579209773281,0.7939672124930899
2019-04-11,0.6636177157109294,0.7949180430779365
2019-04-12,0.6626775104445307,0.7958688736627829
2019-04-13,0.661737305178132,0.7968197042476295
2019-04-14,0.6607970999117332,0.797770534832476
2019-04-15,0.6598568946453345,0.7987213654173225
2019-04-16,0.6581298932762545,0.7978936694397453
2019-04-17,0.6564028919071745,0.797065973462168
2019-04-18,0.6546758905380944,0.7962382774845908
2019-04-19,0.6529488891690144,0.7954105815070135
2019-04-20,0.6512218877999344,0.7945828855294363
2019-04-21,0.6494948864308544,0.7937551895518591
2019-04-22,0.6477678850617744,0.7929274935742818
2019-04-23,0.6460408836926943,0.7920997975967046
2019-04-24,0.6443138823236143,0.7912721016191273
2019-04-25,0.6425868809545343,0.79044440564155
2019-04-26,0.6408598795854543,0.7896167096639728
2019-04-27,0.6391328782163743,0.7887890136863955
2019-04-28,0.6374058768472942,0.7879613177088183
2019-04-29,0.6356788754782142,0.787133621731241
2019-04-30,0.6339518741091342,0.7863059257536638
2019-05-01,0.6322248727400542,0.7854782297760866
2019-05-02,0.6304978713709742,0.7846505337985094
2019-05-03,0.6287708700018941,0.7838228378209321
2019-05-04,0.6270438686328141,0.7829951418433548
2019-05-05,0.6253168672637341,0.7821674458657776
2019-05-06,0.6235898658946541,0.7813397498882003
2019-05-07,0.6218628645255742,0.7805120539106231
2019-05-08,0.620135863156494,0.7796843579330458
2019-05-09,0.618408861787414,0.7788566619554685
2019-05-10,0.6166818604183341,0.7780289659778914
2019-05-11,0.6149548590492541,0.7772012700003141
2019-05-12,0.6132278576801741,0.7763735740227369
2019-05-13,0.611500856311094,0.7755458780451596
2019-05-14,0.609773854942014,0.7747181820675824
2019-05-15,0.608046853572934,0.7738904860900051
2019-05-16,0.6268531267938663,0.792681618403782
2019-05-17,0.6456594000147986,0.811472750717559
2019-05-18,0.6644656732357308,0.8302638830313359
2019-05-19,0.6832719464566631,0.8490550153451129
2019-05-20,0.7020782196775954,0.8678461476588898
2019-05-21,0.7208844928985277,0.8866372799726667
2019-05-22,0.73969076611946,0.9054284122864437
2019-05-23,0.7584970393403923,0.9242195446002206
2019-05-24,0.7773033125613246,0.9430106769139975
2019-05-25,0.7961095857822569,0.9618018092277745
2019-05-26,0.8149158590031891,0.9805929415415514
2019-05-27,0.8337221322241215,0.9993840738553283
2019-05-28,0.8525284054450537,1.0181752061691052
2019-05-29,0.871334678665986,1.0369663384828822
2019-05-30,0.8901409518869183,1.055757470796659
2019-05-31,0.9089472251078505,1.074548603110436
2019-06-01,0.927753498328783,1.093339735424213
2019-06-02,0.9465597715497152,1.11213086773799
2019-06-03,0.9653660447706475,1.1309220000517668
2019-06-04,0.9841723179915798,1.1497131323655438
2019-06-05,1.002978591212512,1.1685042646793207
2019-06-06,1.0217848644334442,1.1872953969930977
2019-06-07,1.0405911376543766,1.2060865293068745
2019-06-08,1.059397410875309,1.2248776616206514
2019-06-09,1.0782036840962412,1.2436687939344284
2019-06-10,1.0970099573171734,1.2624599262482055
2019-06-11,1.1158162305381056,1.2812510585619823
2019-06-12,1.134622503759038,1.3000421908757591
2019-06-13,1.1534287769799705,1.3188333231895362
2019-06-14,1.1722350502009027,1.3376244555033132
2019-06-15,1.1910413234218349,1.35641558781709
2019-06-16,1.184656869764575,1.3493981381957578
2019-06-17,1.178272416107315,1.3423806885744256
2019-06-18,1.171887962450055,1.3353632389530934
2019-06-19,1.1655035087927952,1.3283457893317614
2019-06-20,1.1591190551355353,1.3213283397104292
2019-06-21,1.1527346014782753,1.314310890089097
2019-06-22,1.1463501478210154,1.3072934404677647
2019-06-23,1.1399656941637555,1.3002759908464325
2019-06-24,1.1335812405064956,1.2932585412251005
2019-06-25,1.1271967868492356,1.2862410916037683
2019-06-26,1.1208123331919757,1.279223641982436
2019-06-27,1.1144278795347158,1.2722061923611039
2019-06-28,1.1080434258774559,1.2651887427397717
2019-06-29,1.101658972220196,1.2581712931184394
2019-06-30,1.095274518562936,1.2511538434971072
2019-07-01,1.088890064905676,1.2441363938757752
2019-07-02,1.0825056112484162,1.237118944254443
2019-07-03,1.0761211575911562,1.2301014946331108
2019-07-04,1.0697367039338963,1.2230840450117786
2019-07-05,1.0633522502766364,1.2160665953904464
2019-07-06,1.0569677966193765,1.2090491457691144
2019-07-07,1.0505833429621165,1.2020316961477822
2019-07-08,1.0441988893048566,1.19501424652645
2019-07-09,1.0378144356475967,1.1879967969051177
2019-07-10,1.0314299819903368,1.1809793472837855
2019-07-11,1.0250455283330768,1.1739618976624533
2019-07-12,1.018661074675817,1.166944448041121
2019-07-13,1.012276621018557,1.159926998419789
2019-07-14,1.005892167361297,1.1529095487984569
2019-07-15,0.9995077137040372,1.1458920991771246
2019-07-16,1.00145699404468,1.1473817748435964
2019-07-17,1.0034062743853227,1.1488714505100681
2019-07-18,1.0053555547259654,1.15036112617654
2019-07-19,1.0073048350666083,1.1518508018430118
2019-07-20,1.009254115407251,1.1533404775094835
2019-07-21,1.0112033957478936,1.1548301531759553
2019-07-22,1.0131526760885363,1.1563198288424272
2019-07-23,1.0151019564291792,1.157809504508899
2019-07-24,1.017051236769822,1.1592991801753707
2019-07-25,1.0190005171104646,1.1607888558418424
2019-07-26,1.0209497974511075,1.1622785315083142
2019-07-27,1.0228990777917502,1.1637682071747861
2019-07-28,1.0248483581323928,1.1652578828412579
2019-07-29,1.0267976384730355,1.1667475585077296
2019-07-30,1.0287469188136784,1.1682372341742013
2019-07-31,1.030696199154321,1.1697269098406733
2019-08-01,1.0326454794949638,1.171216585507145
2019-08-02,1.0345947598356064,1.1727062611736168
2019-08-03,1.0365440401762493,1.1741959368400885
2019-08-04,1.038493320516892,1.1756856125065605
2019-08-05,1.0404426008575347,1.1771752881730322
2019-08-06,1.0423918811981776,1.178664963839504
2019-08-07,1.0443411615388203,1.1801546395059757
2019-08-08,1.046290441879463,1.1816443151724474
2019-08-09,1.0482397222201056,1.1831339908389193
2019-08-10,1.0501890025607485,1.184623666505391
2019-08-11,1.0521382829013912,1.1861133421718628
2019-08-12,1.054087563242034,1.1876030178383346
2019-08-13,1.0560368435826766,1.1890926935048065
2019-08-14,1.0579861239233195,1.1905823691712782
2019-08-15,1.0599354042639622,1.19207204483775
2019-08-16,1.0565039626356627,1.1889051760527745
2019-08-17,1.0530725210073635,1.185738307267799
2019-08-18,1.049641079379064,1.1825714384828234
2019-08-19,1.0462096377507648,1.1794045696978477
2019-08-20,1.0427781961224654,1.1762377009128722
2019-08-21,1.0393467544941661,1.1730708321278966
2019-08-22,1.0359153128658667,1.1699039633429211
2019-08-23,1.0324838712375675,1.1667370945579456
2019-08-24,1.029052429609268,1.16357022577297
2019-08-25,1.0256209879809688,1.1604033569879946
2019-08-26,1.0221895463526693,1.157236488203019
2019-08-27,1.0187581047243701,1.1540696194180433
2019-08-28,1.0153266630960707,1.1509027506330678
2019-08-29,1.0118952214677714,1.1477358818480923
2019-08-30,1.008463779839472,1.1445690130631168
2019-08-31,1.0050323382111728,1.1414021442781412
2019-09-01,1.0016008965828733,1.1382352754931657
2019-09-02,0.998169454954574,1.1350684067081902
2019-09-03,0.9947380133262747,1.1319015379232147
2019-09-04,0.9913065716979753,1.128734669138239
2019-09-05,0.987875130069676,1.1255678003532634
2019-09-06,0.9844436884413766,1.122400931568288
2019-09-07,0.9810122468130773,1.1192340627833124
2019-09-08,0.977580805184778,1.1160671939983369
2019-09-09,0.9741493635564786,1.1129003252133614
2019-09-10,0.9707179219281793,1.1097334564283858
2019-09-11,0.96728648029988,1.1065665876434103
2019-09-12,0.9638550386715806,1.1033997188584346
2019-09-13,0.9604235970432813,1.100232850073459
2019-09-14,0.956992155414982,1.0970659812884835
2019-09-15,0.9535607137866826,1.093899112503508
2019-09-16,0.9596469199670927,1.102950035130664
2019-09-17,0.9657331261475027,1.1120009577578198
2019-09-18,0.9718193323279128,1.1210518803849756
2019-09-19,0.977905538508323,1.1301028030121316
2019-09-20,0.9839917446887331,1.1391537256392876
2019-09-21,0.9900779508691431,1.1482046482664434
2019-09-22,0.9961641570495532,1.1572555708935992
2019-09-23,1.0022503632299633,1.1663064935207552
2019-09-24,1.0083365694103734,1.1753574161479112
2019-09-25,1.0144227755907835,1.184408338775067
2019-09-26,1.0205089817711936,1.1934592614022228
2019-09-27,1.0265951879516035,1.2025101840293788
2019-09-28,1.0326813941320137,1.2115611066565348
2019-09-29,1.0387676003124238,1.2206120292836906
2019-09-30,1.0448538064928339,1.2296629519108464
2019-10-01,1.050940012673244,1.2387138745380024
2019-10-02,1.057026218853654,1.2477647971651584
2019-10-03,1.0631124250340642,1.2568157197923142
2019-10-04,1.0691986312144741,1.26586664241947
2019-10-05,1.0752848373948842,1.274917565046626
2019-10-06,1.0813710435752943,1.283968487673782
2019-10-07,1.0874572497557045,1.2930194103009378
2019-10-08,1.0935434559361146,1.3020703329280936
2019-10-09,1.0996296621165247,1.3111212555552496
2019-10-10,1.1057158682969348,1.3201721781824056
2019-10-11,1.1118020744773447,1.3292231008095614
2019-10-12,1.1178882806577548,1.3382740234367172
2019-10-13,1.123974486838165,1.3473249460638732
2019-10-14,1.130060693018575,1.3563758686910292
2019-10-15,1.1361468991989851,1.365426791318185
2019-10-16,1.139682220291335,1.3675417558297622
2019-10-17,1.143217541383685,1.3696567203413392
2019-10-18,1.1467528624760348,1.3717716848529165
2019-10-19,1.1502881835683847,1.3738866493644935
2019-10-20,1.1538235046607346,1.3760016138760707
2019-10-21,1.1573588257530845,1.3781165783876477
2019-10-22,1.1608941468454343,1.380231542899225
2019-10-23,1.1644294679377842,1.382346507410802
2019-10-24,1.1679647890301341,1.3844614719223791
2019-10-25,1.171500110122484,1.3865764364339561
2019-10-26,1.175035431214834,1.3886914009455333
2019-10-27,1.1785707523071838,1.3908063654571103
2019-10-28,1.1821060733995334,1.3929213299686876
2019-10-29,1.1856413944918833,1.3950362944802646
2019-10-30,1.1891767155842332,1.3971512589918418
2019-10-31,1.192712036676583,1.3992662235034188
2019-11-01,1.196247357768933,1.401381188014996
2019-11-02,1.1997826788612829,1.403496152526573
2019-11-03,1.2033179999536328,1.4056111170381502
2019-11-04,1.2068533210459826,1.4077260815497272
2019-11-05,1.2103886421383325,1.4098410460613044
2019-11-06,1.2139239632306824,1.4119560105728814
2019-11-07,1.2174592843230323,1.4140709750844587
2019-11-08,1.2209946054153822,1.4161859395960357
2019-11-09,1.224529926507732,1.418300904107613
2019-11-10,1.228065247600082,1.42041586861919
2019-11-11,1.2316005686924318,1.4225308331307671
2019-11-12,1.2351358897847817,1.4246457976423441
2019-11-13,1.2386712108771316,1.4267607621539213
2019-11-14,1.2422065319694815,1.4288757266654983
2019-11-15,1.2457418530618314,1.4309906911770756
2019-11-16,1.2492771741541813,1.4331056556886526
2019-11-17,1.2528124952465312,1.4352206202002298
2019-11-18,1.256347816338881,1.4373355847118068
2019-11-19,1.259883137431231,1.439450549223384
2019-11-20,1.2634184585235806,1.441565513734961
2019-11-21,1.2669537796159305,1.4436804782465382
2019-11-22,1.2704891007082804,1.4457954427581152
2019-11-23,1.2740244218006302,1.4479104072696924
2019-11-24,1.2775597428929801,1.4500253717812694
2019-11-25,1.28109506398533,1.4521403362928467
2019-11-26,1.28463038507768,1.454255300804424
2019-11-27,1.2881657061700298,1.456370265316001
2019-11-28,1.2917010272623797,1.458485229827578
2019-11-29,1.2952363483547296,1.4606001943391551
2019-11-30,1.2987716694470794,1.4627151588507323
2019-12-01,1.3023069905394293,1.4648301233623093
2019-12-02,1.3058423116317792,1.4669450878738866
2019-12-03,1.309377632724129,1.4690600523854636
2019-12-04,1.312912953816479,1.4711750168970408
2019-12-05,1.3164482749088289,1.4732899814086178
2019-12-06,1.3199835960011788,1.475404945920195
2019-12-07,1.3235189170935286,1.477519910431772
2019-12-08,1.3270542381858785,1.4796348749433492
2019-12-09,1.3305895592782284,1.4817498394549262
2019-12-10,1.3341248803705783,1.4838648039665034
2019-12-11,1.3376602014629282,1.4859797684780804
2019-12-12,1.341195522555278,1.4880947329896577
2019-12-13,1.344730843647628,1.4902096975012347
2019-12-14,1.3482661647399778,1.4923246620128119
2019-12-15,1.3518014858323277,1.4944396265243889
2019-12-16,1.3553368069246776,1.496554591035966
2019-12-17,1.3588721280170273,1.498669555547543
2019-12-18,1.3624074491093772,1.5007845200591203
2019-12-19,1.365942770201727,1.5028994845706973
2019-12-20,1.369478091294077,1.5050144490822746
2019-12-21,1.3730134123864268,1.5071294135938516
2019-12-22,1.3765487334787767,1.5092443781054288
2019-12-23,1.3800840545711266,1.5113593426170058
2019-12-24,1.3836193756634765,1.513474307128583
2019-12-25,1.3871546967558264,1.51558927164016
2019-12-26,1.3906900178481763,1.5177042361517372
2019-12-27,1.3942253389405261,1.5198192006633142
2019-12-28,1.397760660032876,1.5219341651748914
2019-12-29,1.401295981125226,1.5240491296864684
2019-12-30,1.4048313022175758,1.5261640941980457
2019-12-31,1.4083666233099257,1.5282790587096227
2020-01-01,1.4119019444022756,1.5303940232211999
2020-01-02,1.4154372654946255,1.5325089877327769
2020-01-03,1.4189725865869753,1.534623952244354
2020-01-04,1.4225079076793252,1.5367389167559313
2020-01-05,1.426043228771675,1.5388538812675083
2020-01-06,1.4295785498640248,1.5409688457790853
2020-01-07,1.4331138709563747,1.5430838102906625
2020-01-08,1.4366491920487245,1.5451987748022398
2020-01-09,1.4401845131410744,1.5473137393138168
2020-01-10,1.4437198342334243,1.5494287038253938
2020-01-11,1.4472551553257742,1.551543668336971
2020-01-12,1.450790476418124,1.5536586328485482
2020-01-13,1.454325797510474,1.5557735973601252
2020-01-14,1.4578611186028239,1.5578885618717024
2020-01-15,1.4613964396951737,1.5600035263832794
2020-01-16,1.4649317607875236,1.5621184908948567
2020-01-17,1.4684670818798735,1.5642334554064337
2020-01-18,1.4720024029722234,1.5663484199180109
2020-01-19,1.4755377240645733,1.5684633844295879
2020-01-20,1.4790730451569232,1.570578348941165
2020-01-21,1.482608366249273,1.572693313452742
2020-01-22,1.486143687341623,1.5748082779643193
2020-01-23,1.4896790084339728,1.5769232424758963
2020-01-24,1.4932143295263227,1.5790382069874735
2020-01-25,1.4967496506186726,1.5811531714990505
2020-01-26,1.5002849717110225,1.5832681360106278
2020-01-27,1.5038202928033724,1.5853831005222048
2020-01-28,1.5073556138957223,1.587498065033782
2020-01-29,1.5108909349880721,1.589613029545359
2020-01-30,1.514426256080422,1.5917279940569362
2020-01-31,1.517961577172772,1.5938429585685132
2020-02-01,1.5214968982651218,1.5959579230800904
2020-02-02,1.5250322193574717,1.5980728875916674
2020-02-03,1.5285675404498216,1.6001878521032447
2020-02-04,1.5321028615421715,1.6023028166148217
2020-02-05,1.5356381826345211,1.6044177811263989
2020-02-06,1.539173503726871,1.6065327456379759
2020-02-07,1.542708824819221,1.608647710149553
2020-02-08,1.5462441459115708,1.61076267466113
2020-02-09,1.5497794670039207,1.6128776391727073
2020-02-10,1.5533147880962705,1.6149926036842843
2020-02-11,1.5568501091886204,1.6171075681958615
2020-02-12,1.5603854302809703,1.6192225327074388
2020-02-13,1.5639207513733202,1.6213374972190158
2020-02-14,1.56745607246567,1.6234524617305928
2020-02-15,1.57099139355802,1.62556742624217
2020-02-16,1.5888035801849965,1.642298504796791
2020-02-17,1.6066157668119732,1.6590295833514122
2020-02-18,1.6244279534389496,1.675760661906033
2020-02-19,1.6422401400659261,1.692491740460654
2020-02-20,1.6600523266929028,1.7092228190152752
2020-02-21,1.6778645133198793,1.7259538975698963
2020-02-22,1.6956766999468558,1.7426849761245171
2020-02-23,1.7134888865738325,1.7594160546791382
2020-02-24,1.731301073200809,1.7761471332337593
2020-02-25,1.7491132598277854,1.7928782117883804
2020-02-26,1.7669254464547621,1.8096092903430012
2020-02-27,1.7847376330817386,1.8263403688976223
2020-02-28,1.802549819708715,1.8430714474522434
2020-02-29,1.8203620063356918,1.8598025260068645
2020-03-01,1.8381741929626683,1.8765336045614855
2020-03-02,1.8559863795896447,1.8932646831161064
2020-03-03,1.8737985662166214,1.9099957616707275
2020-03-04,1.891610752843598,1.9267268402253486
2020-03-05,1.9094229394705744,1.9434579187799694
2020-03-06,1.927235126097551,1.9601889973345905
2020-03-07,1.9450473127245276,1.9769200758892116
2020-03-08,1.962859499351504,1.9936511544438327
2020-03-09,1.9806716859784808,2.0103822329984538
2020-03-10,1.9984838726054572,2.027113311553075
2020-03-11,2.0162960592324337,2.043844390107696
2020-03-12,2.0341082458594104,2.060575468662317
2020-03-13,2.051920432486387,2.0773065472169376
2020-03-14,2.0697326191133634,2.0940376257715587
2020-03-15,2.08754480574034,2.11076870432618
